iter	MultiClass
0	1.076822967
1	1.058133588
2	1.042311078
3	1.027413379
4	1.015141975
5	0.9992695472
6	0.989309349
7	0.9770415647
8	0.9641403497
9	0.9535202696
10	0.9426576619
11	0.9354666639
12	0.9253404319
13	0.9190950329
14	0.9131392186
15	0.9040841081
16	0.895426624
17	0.8896305811
18	0.8818236331
19	0.8749264826
20	0.8697968936
21	0.8614433003
22	0.8583376432
23	0.853201935
24	0.8485645931
25	0.8434203567
26	0.8375940448
27	0.8288283986
28	0.8237840238
