{
  "trained_at": "2026-04-03T10:26:41.735276",
  "training_samples": 3820,
  "cv_accuracy": 0.49136125654450263,
  "cv_std": 0.09926472372373342,
  "feature_names": [
    "pts_dom",
    "pts_ext",
    "diff_points",
    "forme_dom",
    "forme_ext",
    "diff_forme",
    "momentum_dom",
    "momentum_ext",
    "diff_momentum",
    "instabilite_dom",
    "instabilite_ext",
    "bp_dom",
    "bc_dom",
    "bp_ext",
    "bc_ext",
    "diff_attaque",
    "diff_defense",
    "cote_1",
    "cote_x",
    "cote_2",
    "prob_implicite_1",
    "prob_implicite_x",
    "prob_implicite_2",
    "ecart_cotes",
    "bonus_h2h",
    "match_equilibre",
    "cotes_suspectes",
    "session_position",
    "momentum5_dom",
    "momentum5_ext",
    "diff_momentum5",
    "forme_raw_dom",
    "forme_raw_ext",
    "rang_classement_dom",
    "rang_classement_ext",
    "ecart_leader_dom",
    "ecart_leader_ext",
    "zone_classement_dom",
    "zone_classement_ext",
    "pression_fin_session",
    "force_relative_dom_ext"
  ],
  "feature_importance": {
    "pts_dom": 2.94673327277477,
    "pts_ext": 2.682527432072316,
    "diff_points": 5.188390996530142,
    "forme_dom": 3.1538567624481066,
    "forme_ext": 3.1384352925402266,
    "diff_forme": 3.6478891551888832,
    "momentum_dom": 2.9926989960179293,
    "momentum_ext": 3.0393549802083775,
    "diff_momentum": 3.402864477245362,
    "instabilite_dom": 3.8617280334382222,
    "instabilite_ext": 2.2255604421425215,
    "bp_dom": 3.1729047857599695,
    "bc_dom": 3.0631239838209106,
    "bp_ext": 3.3515795750695814,
    "bc_ext": 3.2479147245680884,
    "diff_attaque": 4.447198947084538,
    "diff_defense": 3.9065198589519454,
    "cote_1": 3.1269574336963286,
    "cote_x": 3.0512809719818708,
    "cote_2": 3.983703170222387,
    "prob_implicite_1": 3.323692950232012,
    "prob_implicite_x": 2.975255457856568,
    "prob_implicite_2": 3.285018933915581,
    "ecart_cotes": 3.693765499547421,
    "cotes_suspectes": 3.076223254070597,
    "session_position": 3.08288229060156,
    "momentum5_dom": 3.087123762475032,
    "momentum5_ext": 5.666588671032755,
    "diff_momentum5": 4.178225888505996
  },
  "label_distribution": {
    "1": 1807,
    "X": 901,
    "2": 1112
  },
  "last_training_session": 39,
  "last_training_day": 16,
  "training_method": "adaptive_session_weighted",
  "session_summary": {
    "current_session": 39,
    "sessions_available": 2,
    "total_matches": 400,
    "session_breakdown": [
      {
        "session_id": 39,
        "match_count": 340,
        "offset": 0,
        "weight": 1.0,
        "weighted_count": 340
      },
      {
        "session_id": 38,
        "match_count": 60,
        "offset": 1,
        "weight": 0.7,
        "weighted_count": 42
      }
    ]
  },
  "complexity_context": {
    "phase": "mid",
    "current_day": 16,
    "config_used": {
      "n_estimators": 250,
      "max_depth": 6,
      "learning_rate": 0.05,
      "subsample": 0.85,
      "colsample_bytree": 0.85,
      "min_child_weight": 2,
      "gamma": 0.2,
      "reg_alpha": 0.05,
      "reg_lambda": 1.5,
      "description": "\u00c9quilibr\u00e9 - robustesse et performance",
      "phase": "mid",
      "current_day": 16
    }
  },
  "triggers": [
    {
      "type": "volume",
      "reason": "Volume donn\u00e9es suffisant: 340 nouveaux matchs (>= 50)",
      "priority": "low"
    }
  ],
  "primary_trigger_reason": "Volume donn\u00e9es suffisant: 340 nouveaux matchs (>= 50)"
}