{
  "trained_at": "2026-03-25T16:15:25.097852",
  "training_samples": 6040,
  "cv_accuracy": 0.4981788079470199,
  "cv_std": 0.032364903094658753,
  "feature_names": [
    "pts_dom",
    "pts_ext",
    "diff_points",
    "forme_dom",
    "forme_ext",
    "diff_forme",
    "momentum_dom",
    "momentum_ext",
    "diff_momentum",
    "instabilite_dom",
    "instabilite_ext",
    "bp_dom",
    "bc_dom",
    "bp_ext",
    "bc_ext",
    "diff_attaque",
    "diff_defense",
    "cote_1",
    "cote_x",
    "cote_2",
    "prob_implicite_1",
    "prob_implicite_x",
    "prob_implicite_2",
    "ecart_cotes",
    "bonus_h2h",
    "match_equilibre",
    "cotes_suspectes",
    "session_position",
    "momentum5_dom",
    "momentum5_ext",
    "diff_momentum5",
    "forme_raw_dom",
    "forme_raw_ext",
    "rang_classement_dom",
    "rang_classement_ext",
    "ecart_leader_dom",
    "ecart_leader_ext",
    "zone_classement_dom",
    "zone_classement_ext",
    "pression_fin_session",
    "force_relative_dom_ext"
  ],
  "feature_importance": {
    "pts_dom": 3.8062436905916632,
    "pts_ext": 3.213505339148237,
    "diff_points": 7.583320875652697,
    "forme_dom": 3.0780973216379506,
    "forme_ext": 3.301731877455548,
    "diff_forme": 3.2081066453792326,
    "momentum_dom": 3.333301568877403,
    "momentum_ext": 3.0674886029254775,
    "diff_momentum": 2.7006251938496915,
    "instabilite_dom": 3.467946882624884,
    "instabilite_ext": 2.9869316976902853,
    "bp_dom": 3.2847023973293523,
    "bc_dom": 4.129808496258101,
    "bp_ext": 2.845218216381881,
    "bc_ext": 3.215283420171877,
    "diff_attaque": 3.562045570867409,
    "diff_defense": 3.0085166602032727,
    "cote_1": 2.997341265975803,
    "cote_x": 3.535883939751996,
    "cote_2": 3.291762313416818,
    "prob_implicite_1": 3.1732593348924794,
    "prob_implicite_x": 4.222390028448472,
    "prob_implicite_2": 3.8455430055277984,
    "ecart_cotes": 3.1537729227911884,
    "cotes_suspectes": 2.1574512133360186,
    "session_position": 3.5312735962173534,
    "momentum5_dom": 3.3044715896561514,
    "momentum5_ext": 2.921831363330099,
    "diff_momentum5": 4.07214496961086
  },
  "label_distribution": {
    "1": 2834,
    "X": 1404,
    "2": 1802
  },
  "last_training_session": 35,
  "last_training_day": 31,
  "training_method": "adaptive_session_weighted",
  "session_summary": {
    "current_session": 35,
    "sessions_available": 3,
    "total_matches": 910,
    "session_breakdown": [
      {
        "session_id": 35,
        "match_count": 260,
        "offset": 0,
        "weight": 1.0,
        "weighted_count": 260
      },
      {
        "session_id": 34,
        "match_count": 280,
        "offset": 1,
        "weight": 0.7,
        "weighted_count": 196
      },
      {
        "session_id": 33,
        "match_count": 370,
        "offset": 2,
        "weight": 0.4,
        "weighted_count": 148
      }
    ]
  },
  "complexity_context": {
    "phase": "end",
    "current_day": 31,
    "config_used": {
      "n_estimators": 150,
      "max_depth": 4,
      "learning_rate": 0.1,
      "subsample": 0.95,
      "colsample_bytree": 0.95,
      "min_child_weight": 5,
      "gamma": 0.5,
      "reg_alpha": 0.2,
      "reg_lambda": 3.0,
      "description": "Minimaliste - ultra-stable",
      "phase": "end",
      "current_day": 31
    }
  },
  "triggers": [
    {
      "type": "day",
      "reason": "\u00c9cart de 5 journ\u00e9es (>=5): J31 - J26",
      "priority": "medium"
    },
    {
      "type": "volume",
      "reason": "Volume donn\u00e9es suffisant: 260 nouveaux matchs (>= 50)",
      "priority": "low"
    }
  ],
  "primary_trigger_reason": "\u00c9cart de 5 journ\u00e9es (>=5): J31 - J26"
}