{
  "trained_at": "2026-04-07T14:47:18.184983",
  "features_count": 57,
  "training_samples": 4815,
  "cv_accuracy": 0.4824506749740395,
  "cv_std": 0.02643879307530507,
  "feature_names": [
    "pts_dom",
    "pts_ext",
    "diff_points",
    "forme_dom",
    "forme_ext",
    "diff_forme",
    "momentum_dom",
    "momentum_ext",
    "diff_momentum",
    "instabilite_dom",
    "instabilite_ext",
    "bp_dom",
    "bc_dom",
    "bp_ext",
    "bc_ext",
    "diff_attaque",
    "diff_defense",
    "cote_1",
    "cote_x",
    "cote_2",
    "prob_implicite_1",
    "prob_implicite_x",
    "prob_implicite_2",
    "ecart_cotes",
    "bonus_h2h",
    "match_equilibre",
    "cotes_suspectes",
    "session_position",
    "momentum5_dom",
    "momentum5_ext",
    "diff_momentum5",
    "forme_raw_dom",
    "forme_raw_ext",
    "rang_classement_dom",
    "rang_classement_ext",
    "ecart_leader_dom",
    "ecart_leader_ext",
    "zone_classement_dom",
    "zone_classement_ext",
    "pression_fin_session",
    "force_relative_dom_ext",
    "overround",
    "entropy",
    "odds_spread",
    "odds_ratio",
    "market_confidence",
    "market_anomaly_score",
    "prob_deviation_1",
    "prob_deviation_x",
    "prob_deviation_2",
    "value_score_1",
    "value_score_x",
    "value_score_2",
    "max_value_score",
    "kelly_fraction_1",
    "kelly_fraction_x",
    "kelly_fraction_2",
    "odds_range_class",
    "is_balanced_market"
  ],
  "feature_importance": {
    "pts_dom": 1.8856639816008687,
    "pts_ext": 1.9473166911463096,
    "diff_points": 3.313144797026831,
    "forme_dom": 2.396900049412691,
    "forme_ext": 1.8857763177759403,
    "diff_forme": 2.280460671480125,
    "momentum_dom": 1.4140892380416012,
    "momentum_ext": 1.8371541533895543,
    "diff_momentum": 1.8226308679924692,
    "instabilite_dom": 1.9113043751990804,
    "instabilite_ext": 2.440908535508419,
    "bp_dom": 1.700735064881557,
    "bc_dom": 2.1935519475379235,
    "bp_ext": 1.9249072032419858,
    "bc_ext": 1.9744821949446454,
    "diff_attaque": 2.4214579102716045,
    "diff_defense": 2.4008324922641573,
    "cote_1": 1.9069731163686432,
    "cote_x": 1.751638127328667,
    "cote_2": 2.333448382043556,
    "prob_implicite_1": 2.8645248680852142,
    "prob_implicite_x": 1.9116738664737145,
    "prob_implicite_2": 2.82660125813922,
    "ecart_cotes": 1.8175676194268746,
    "cotes_suspectes": 1.4084453603301523,
    "session_position": 1.6388514796831317,
    "momentum5_dom": 2.609339035206287,
    "momentum5_ext": 2.1672352811427924,
    "diff_momentum5": 1.9216690791593383,
    "forme_raw_dom": 1.9574763477508634,
    "forme_raw_ext": 2.0202303127314485,
    "rang_classement_dom": 2.0153899319188078,
    "rang_classement_ext": 1.866412989928188,
    "ecart_leader_dom": 1.588858047007061,
    "ecart_leader_ext": 2.5323763486762836,
    "zone_classement_dom": 1.440787012805777,
    "pression_fin_session": 1.930129256360293,
    "force_relative_dom_ext": 2.014434623281398,
    "overround": 2.7746850271572985,
    "entropy": 2.036302957603397,
    "odds_spread": 1.4835332959544862,
    "market_confidence": 1.8121647682276032,
    "market_anomaly_score": 2.232896677770974,
    "prob_deviation_1": 2.6647149045759178,
    "prob_deviation_x": 1.9925444082184718,
    "value_score_1": 1.75399797651645,
    "value_score_x": 3.2692127807370257,
    "kelly_fraction_x": 1.7045683676749024
  },
  "label_distribution": {
    "1": 2274,
    "X": 1089,
    "2": 1452
  },
  "last_training_session": 40,
  "last_training_day": 9,
  "training_method": "adaptive_session_weighted",
  "session_summary": {
    "current_session": 40,
    "sessions_available": 3,
    "total_matches": 675,
    "session_breakdown": [
      {
        "session_id": 40,
        "match_count": 90,
        "offset": 0,
        "weight": 1.0,
        "weighted_count": 90
      },
      {
        "session_id": 39,
        "match_count": 525,
        "offset": 1,
        "weight": 0.7,
        "weighted_count": 367
      },
      {
        "session_id": 38,
        "match_count": 60,
        "offset": 2,
        "weight": 0.4,
        "weighted_count": 24
      }
    ]
  },
  "complexity_context": {
    "phase": "mid",
    "current_day": 9,
    "config_used": {
      "n_estimators": 250,
      "max_depth": 6,
      "learning_rate": 0.05,
      "subsample": 0.85,
      "colsample_bytree": 0.85,
      "min_child_weight": 2,
      "gamma": 0.2,
      "reg_alpha": 0.05,
      "reg_lambda": 1.5,
      "description": "\u00c9quilibr\u00e9 - robustesse et performance",
      "phase": "mid",
      "current_day": 9
    }
  },
  "triggers": [
    {
      "type": "volume",
      "reason": "Volume donn\u00e9es suffisant: 90 nouveaux matchs (>= 50)",
      "priority": "low"
    }
  ],
  "primary_trigger_reason": "Volume donn\u00e9es suffisant: 90 nouveaux matchs (>= 50)"
}